{"R": 122.4969533718533, "G": 114.28890668402778, "B": 101.3641702094184}