{"G": 116.08144913711548, "R": 125.1747090057373, "B": 106.28384256973267}